asv_id_alias,DNA_sequence,associatedSequences,kingdom,phylum,class,order,family,genus,specificEpithet,infraspecificEpithet,otu,16S_1,16S_2,16S_3
919a2aa9d306e4cf3fa9ca02a2aa5730,TCGAGAATTTTTCACAATGGGGGAAACCCTGATGGAGCGACGCCGCGTGGAGGATGAAGGTTTTCGGATTGTAAACTCCTGTCATTAGAGAACAAGGCACATGGTTTAACTGGCCGTGTGTTGATAGTATCTGAAGAGGAAGGGACGGCTAACTCTGTGCCAGCAGCCGCGGTAATACAGAGGTCTCAAGCGTTGTTCGGATTCATTGGGCGTAAAGGGTGCGTAGGTGGCGAGGTAAGTCGGATGTGAAATCTCCAAGCTCAACTTGGAAACTGCATTCGATACTGCTTTGCTAGAGGATTGTAGAGGGCATTGGAATTCACGGTGTAGCAGTGAAATGCGTAGATATCGTGAGGAAGACCAGTGGCGAAGGCGAATGCCTGGGCAATTCCTGACACTGAGGCACGAAGGCCAGGGGAGCAAACG,,Bacteria,Verrucomicrobiota,Verrucomicrobiae,Chthoniobacterales,UBA6821,UBA6821,,,,2235,16165,12855
1ead98754d34073a4606f7ff1e94126e,TGGGGAATTTTCCGCAATGGGCGCAAGCCTGACGGAGCAACGCCGCGTGAGGGATGAAGGCCTCTGGGCTGTAAACCTCTTTTATCAAGGAAGAAGATCTGACGGTACTTGATGAATAAGCCACGGCTAATTCCGTGCCAGCAGCCGCGGTAATACGGGAGTGGCAAGCGTTATCCGGAATTATTGGGCGTAAAGCGTCCGCAGGCGGTTTTACAAGTCTGTCGTTAAAACGTGGAGCTCAACTCCATTTCGGCGATGGAAACTGTAAGACTAGAGTGTGGTAGGGGCAGAGGGAATTCCCGGTGTAGCGGTGAAATGCGTAGATATCGGGAAGAACACCAGTGGCGAAGGCGCTCTGCTGGGCCATAACTGACGCTCATGGACGAAAGCTAGGGGAGCGAAAG,,Bacteria,Cyanobacteria,Cyanobacteriia,PCC-6307,Cyanobiaceae,Synechococcus_D,,,,1033,6836,12742
43e088977eba5732bfa45e20b1d8cdd2,TCGAGAATTTTTCACAATGGGGGAAACCCTGATGGAGCGACGCCGCGTGGAGGATGAAGGTTTTCGGATCGTAAACTCCTGTCATTAGAGAACAAGGCACACGGTTTAACTGGCTGTGTGTTGATAGTATCTGAAGAGGAAGGGACGGCTAACTCTGTGCCAGCAGCCGCGGTAATACAGAGGTCTCAAGCGTTGTTCGGATTCATTGGGCGTAAAGGGTGCGTAGGTGGCGAGGTAAGTCGGATGTGAAATCTCCAAGCTCAACTTGGAAACTGCATTCGATACTGCTTTGCTAGAGGATTGTAGAGGGCATTGGAATTCACGGTGTAGCAGTGAAATGCGTAGATATCGTGAGGAAGACCAGTGGCGAAGGCGAATGCCTGGGCAATTCCTGACACTGAGGCACGAAGGCCAGGGGAGCAAACG,,Bacteria,Verrucomicrobiota,Verrucomicrobiae,Chthoniobacterales,,,,,,795,4941,3666
1b2c41577c16f4c672a2a861e6b89b14,TAGGGAATATTGGGCAATGGGCGAAAGCCTGACCCAGCGACGCCGCGTGAGGGATGAAGGTCTTCGGATTGTAAACCTCTTTCAGTAGGGAAGAAGCGAAAGTGACGGTACCTAAAGAAGAAGCACCGGCTAACTATGTGCCAGCAGCCGCGGTAATACATAGGGTGCAAGCGTTGTCCGGAATTATTGGGCGTAAAGAGCTCGTAGGTCGTTTGTCGCGTCGATTGTGAAAATCTGAGGCTCAACCTCAGACCTGCAGTCGATACGGGCAAACTAGAGTGTGGTAGGGGAGACTGGAATTCCTGGTGTAGCGGTGGAATGCGCAGATATCAGGAGGAACACCAATGGCGAAGGCAGGTCTCTGGGCCATAACTGACACTGAGGAGCGAAAGTGCGGGGAGCGAACA,,Bacteria,Actinobacteriota,Actinomycetia,Nanopelagicales,Nanopelagicaceae,Nanopelagicus,,,,134,1187,2307
40b37890b1b1fcdf0ece91f1da34c1ca,TGGGGAATTTTCCGCAATGGGCGCAAGCCTGACGGAGCAACGCCGCGTGAGGGATGAAGGCCTCTGGGCTGTAAACCTCTTTTATCAAGGAAGAAGATCTGACGGTACTTGATGAATAAGCCACGGCTAATTCCGTGCCAGCAGCCGCGGTAATACGGGAGTGGCAAGCGTTATCCGGAATTATTGGGCGTAAAGCGTCCGCAGGCGGTCTTGAAAGTCTGTTGTTAAAGCGTGGAGCTCAACTCCATTTCAGCAATGGAAACTAGAAGACTAGAGTGTGGTAGGGGCAGAGGGAATTCCCGGTGTAGCGGTGAAATGCGTAGATATCGGGAAGAACACCAGTGGCGAAGGCGCTCTGCTGGGCCATAACTGACGCTCATGGACGAAAGCCAGGGGAGCGAAAG,,Bacteria,Cyanobacteria,Cyanobacteriia,PCC-6307,Cyanobiaceae,UBA5018,,,,572,2827,1513
ae71bf7c99d3583a2d8841e5911c5716,TGGGGAATATTGGGCAATGGAGGAAACTCTGACCCAGCGACGCCGCGTGCGGGATGAAGGCCTTCGGGTTGTAAACCGCTTTCAGTAGGGAAGAAGCGAAAGTGACGGTACCTACAAAAGAAGCACCGGCTAACTATGTGCCAGCAGCCGCGGTAATACATAGGGTGCAAGCGTTGTCCGGAATTATTGGGCGTAAAGAGCTCGTAGGTCGTTTGTTACGTCGGATGTGAAAACCTGAGGCTCAACCTCAGGCCTGCATTCGATACGGGCAAACTAGAGTTTGGTAGGGGAGACTGGAATTCCTGGTGTAGCGGTGGAATGCGCAGATATCAGGAGGAACACCAATGGCGAAGGCAGGTCTCTGGGCCAATACTGACACTGAGGAGCGAAAGTCTGGGGAGCGAACA,,Bacteria,Actinobacteriota,Actinomycetia,Nanopelagicales,Nanopelagicaceae,Nanopelagicus,,,,47,464,617
887bc7033b46d960e893caceb711700b,TGGGGAATCTTGCGCAATGGGCGAAAGCCTGACGCAGCAACGCCGCGTGCGGGAAGAAGGCTTTCGGGCTGTAAACCGCTTTCAGCAGGAACGAAAATGACGGTACCTGCAGAAGAAGGAGCGGCCAACTATGTGCCAGCAGCCGCGGTGATACATAGGCTTCAAGCGTTGTCCGGATTTATTGGGCGTAAAGAGTTCGTAGGCGGTCGAGTAAGTCGGGTGTGAAAATTCTGGGCTCAACCCAGAGACGCCACCCGATACTGCTTAACTTGAGTTCGATAGGGGAGTGGGGAATTCCTAGTGTAGCGGTGAAATGCGCAGATATTAGGAGGAACACCGGTGGCGAAGGCGCCACTCTGGATCGACACTGACGCTGAGGAACGAAAGCATGGGTAGCAAACA,,Bacteria,Actinobacteriota,Acidimicrobiia,Acidimicrobiales,Ilumatobacteraceae,BACL27,sp014190055,,,40,494,839
88b5b5240649749ca876d10823045b01,TGGGGAATCTTGCGCAATGGGCGAAAGCCTGACGCAGCAACGCCGCGTGCGGGATGAAGGCCTTCGGGCTGTAAACCGCTTTCAGCAGGAACGAAAATGACGGTACCTGCAGAAGAAGGAGCGGCCAACTACGTGCCAGCAGCCGCGGTGACACGTAGGCTCCAAGCGTTGTCCGGATTTATTGGGCGTAAAGAGCTCGTAGGCGGTTGAGTAAGTCGGGTGTGAAAACTCTGGGCTTAACCCGGAGACGCCATCCGATACTGCTCTGACTAGAGTTCAGGAGGGGAGTGGGGAATTCCTAGTGTAGCGGTGAAATGCGCAGATATTAGGAGGAACACCGGTGGCGAAGGCGCCACTCTGGACTGAAACTGACGCTGAGGAGCGAAAGCATGGGTAGCAAACA,,Bacteria,Actinobacteriota,Acidimicrobiia,Acidimicrobiales,Ilumatobacteraceae,UBA3006,,,,99,1641,2961
95efad17b5fb6b91274a6ef3c47a098a,TGGGGAATTTTCCGCAATGGGCGCAAGCCTGACGGAGCAACGCCGCGTGAGGGATGAAGGCCTCTGGGCTGTAAACCTCTTTTATCAAGGAAGAAGATCTGACGGTACTTGATGAATAAGCCACGGCTAATTCCGTGCCAGCAGCCGCGGTAATACGGGAGTGGCAAGCGTTATCCGGAATTATTGGGCGTAAAGCGTCCGCAGGCGGTTTTACAAGTCTGTCGTTAAAACGTGGAGCTCAACTCCATTTCGGCGATGGAAACTGTAAGACTAGAGTGTGGTAGGGGCAGAGGGAATTCCCGGTGTAGCGGTGAAATGCGTAGATATCGGGAAGAACACCAGTGGCGAAGGCGCTCTGCTGGGCCATAACTGACGCTCATGGACGAAAGCCAGGGGAGCGAAAG,,Bacteria,Cyanobacteria,Cyanobacteriia,PCC-6307,Cyanobiaceae,,,,,312,1685,1689
c366064866eaed18a54d15640272ab34,TGGGGAATATTGGGCAATGGAGGAAACTCTGACCCAGCGACGCCGCGTGCGGGATGAAGGCCTTCGGGTTGTAAACCGCTTTCAGCAGGGAAGAAGCGAAAGTGACGGTACCTGCAGAAGAAGCACCGGCTAACTATGTGCCAGCAGCCGCGGTAATACATAGGGTGCAAGCGTTGTCCGGAATTATTGGGCGTAAAGAGCTCGTAGGTGGTTCGTCACGTCGGATGTGAAACTCTGGGGCTTAACCCCAGACCTGCATTCGATACGGGCGAGCTTGAGTATGGTAGGGGAGTCTGGAATTCCTGGTGTAGCGGTGGAATGCGCAGATATCAGGAGGAACACCAATGGCGAAGGCAGGACTCTGGGCCATTACTGACACTGAGGAGCGAAAGCGTGGGGAGCGAACA,,Bacteria,Actinobacteriota,Actinomycetia,Nanopelagicales,Nanopelagicaceae,Planktophila,,,,147,1436,2784
